cfg_name,alpha,beta,gamma,eps_1g,tand_1g,f_a,f_b
cfg7_test,-3.7050080069274538e-06,-2.74141518153091e-11,0,3.945745226250235,0.02112254695675386,9722.597598831908,2325580054.5014095
